c_CP	D_mnpio	c_estado
1001	Aguascalientes	1
1011	San Francisco de los Romo	1
1010	El Llano	1
1007	Rincon de Romos	1
1004	Cosio	1
1008	San Jose de Gracia	1
1009	Tepezala	1
1006	Pabellon de Arteaga	1
1002	Asientos	1
1003	Calvillo	1
1005	Jesus Maria	1
2002	Mexicali	2
2003	Tecate	2
2004	Tijuana	2
2005	Playas de Rosarito	2
2001	Ensenada	2
2006	San Quintin	2
3003	La Paz	3
3008	Los Cabos	3
3001	Comondu	3
3009	Loreto	3
3002	Mulege	3
4002	Campeche	4
4003	Carmen	4
4007	Palizada	4
4011	Candelaria	4
4009	Escarcega	4
4004	Champoton	4
4012	Seybaplaya	4
4006	Hopelchen	4
4010	Calakmul	4
4008	Tenabo	4
4005	Hecelchakan	4
4001	Calkini	4
5030	Saltillo	5
5004	Arteaga	5
5015	Juarez	5
5008	Escobedo	5
5031	San Buenaventura	5
5010	Frontera	5
5018	Monclova	5
5006	Castaños	5
5027	Ramos Arizpe	5
5025	Piedras Negras	5
5022	Nava	5
5002	Acuña	5
5020	Muzquiz	5
5014	Jimenez	5
5038	Zaragoza	5
5019	Morelos	5
5003	Allende	5
5037	Villa Union	5
5013	Hidalgo	5
5028	Sabinas	5
5032	San Juan de Sabinas	5
5035	Torreon	5
5017	Matamoros	5
5036	Viesca	5
5023	Ocampo	5
5021	Nadadores	5
5007	Cuatro Cienegas	5
5029	Sacramento	5
5033	San Pedro	5
5009	Francisco I. Madero	5
5024	Parras	5
6002	Colima	6
6009	Tecoman	6
6007	Manzanillo	6
6001	Armeria	6
6004	Coquimatlan	6
6003	Comala	6
6005	Cuauhtemoc	6
6006	Ixtlahuacan	6
6008	Minatitlan	6
6010	Villa de alvarez	6
7101	Tuxtla Gutierrez	7
7079	San Fernando	7
7012	Berriozabal	7
7061	Ocozocoautla de Espinosa	7
7086	Suchiapa	7
7027	Chiapa de Corzo	7
7078	San Cristobal de las Casas	7
7023	Chamula	7
7044	Ixtapa	7
7111	Zinacantan	7
7002	Acala	7
7123	Emiliano Zapata	7
7094	Teopisca	7
7064	Oxchuc	7
7038	Huixtan	7
7093	Tenejapa	7
7056	Mitontic	7
7074	Reforma	7
7048	Juarez	7
7068	Pichucalco	7
7088	Sunuapa	7
7043	Ixtacomitan	7
7045	Ixtapangajoya	7
7124	Mezcalapa	7
7092	Tecpatan	7
7021	Copainala	7
7018	Coapilla	7
7039	Huitiupan	7
7042	Ixhuatan	7
7073	Rayon	7
7072	Pueblo Nuevo Solistahuacan	7
7047	Jitotol	7
7013	Bochil	7
7112	San Juan Cancuc	7
7076	Sabanilla	7
7081	Simojovel	7
7014	El Bosque	7
7049	Larrainzar	7
7119	Santiago el Pinar	7
7026	Chenalho	7
7066	Pantelho	7
7082	Sitala	7
7077	Salto de Agua	7
7096	Tila	7
7100	Tumbala	7
7109	Yajalon	7
7059	Ocosingo	7
7031	Chilon	7
7065	Palenque	7
7016	Catazaja	7
7019	Comitan de Dominguez	7
7104	Tzimol	7
7011	Bella Vista	7
7034	Frontera Comalapa	7
7099	La Trinitaria	7
7041	La Independencia	7
7052	Las Margaritas	7
7004	Altamirano	7
7106	Venustiano Carranza	7
7075	Las Rosas	7
7020	La Concordia	7
7008	angel Albino Corzo	7
7117	Montecristo de Guerrero	7
7083	Socoltenango	7
7017	Cintalapa	7
7046	Jiquipilas	7
7009	Arriaga	7
7108	Villaflores	7
7097	Tonala	7
7107	Villa Corzo	7
7069	Pijijiapan	7
7051	Mapastepec	7
7003	Acapetahua	7
7001	Acacoyagua	7
7032	Escuintla	7
7071	Villa Comaltitlan	7
7040	Huixtla	7
7054	Mazatan	7
7037	Huehuetan	7
7103	Tuzantan	7
7089	Tapachula	7
7087	Suchiate	7
7035	Frontera Hidalgo	7
7055	Metapa	7
7102	Tuxtla Chico	7
7105	Union Juarez	7
7015	Cacahoatan	7
7057	Motozintla	7
7053	Mazapa de Madero	7
7006	Amatenango de la Frontera	7
7080	Siltepec	7
7125	Honduras de la Sierra	7
8019	Chihuahua	8
8017	Cuauhtemoc	8
8054	Riva Palacio	8
8004	Aquiles Serdan	8
8006	Bachiniva	8
8031	Guerrero	8
8050	Nuevo Casas Grandes	8
8005	Ascension	8
8035	Janos	8
8013	Casas Grandes	8
8010	Buenaventura	8
8025	Gomez Farias	8
8034	Ignacio Zaragoza	8
8040	Madera	8
8048	Namiquipa	8
8063	Temosachic	8
8037	Juarez	8
8053	Praxedis G. Guerrero	8
8001	Ahumada	8
8052	Ojinaga	8
8002	Aldama	8
8038	Julimes	8
8021	Delicias	8
8055	Rosales	8
8045	Meoqui	8
8027	Guachochi	8
8009	Bocoyna	8
8018	Cusihuiriachi	8
8024	Santa Isabel	8
8012	Carichi	8
8020	Chinipas	8
8065	Urique	8
8029	Guadalupe y Calvo	8
8059	San Francisco del Oro	8
8007	Balleza	8
8060	Santa Barbara	8
8011	Camargo	8
8062	Saucillo	8
8067	Valle de Zaragoza	8
8016	La Cruz	8
8032	Hidalgo del Parral	8
8003	Allende	8
8039	Lopez	8
8044	Matamoros	8
8036	Jimenez	8
8014	Coronado	8
9010	alvaro Obregon	9
9002	Azcapotzalco	9
9014	Benito Juarez	9
9003	Coyoacan	9
9004	Cuajimalpa de Morelos	9
9015	Cuauhtemoc	9
9005	Gustavo A. Madero	9
9006	Iztacalco	9
9007	Iztapalapa	9
9008	La Magdalena Contreras	9
9016	Miguel Hidalgo	9
9009	Milpa Alta	9
9011	Tlahuac	9
9012	Tlalpan	9
9017	Venustiano Carranza	9
9013	Xochimilco	9
10005	Durango	10
10039	Nuevo Ideal	10
10001	Canatlan	10
10003	Coneto de Comonfort	10
10028	San Juan del Rio	10
10032	Santiago Papasquiaro	10
10026	San Dimas	10
10008	Guadalupe Victoria	10
10021	Peñon Blanco	10
10020	Panuco de Coronado	10
10022	Poanas	10
10016	Nombre de Dios	10
10038	Vicente Guerrero	10
10033	Suchil	10
10023	Pueblo Nuevo	10
10007	Gomez Palacio	10
10012	Lerdo	10
10013	Mapimi	10
10036	Tlahualilo	10
10010	Hidalgo	10
10017	Ocampo	10
10025	San Bernardo	10
10018	El Oro	10
10015	Nazas	10
10024	Rodeo	10
10004	Cuencame	10
10031	Santa Clara	10
11015	Guanajuato	11
11037	Silao de la Victoria	11
11026	Romita	11
11031	San Francisco del Rincon	11
11025	Purisima del Rincon	11
11008	Manuel Doblado	11
11017	Irapuato	11
11027	Salamanca	11
11024	Pueblo Nuevo	11
11023	Penjamo	11
11012	Cueramaro	11
11001	Abasolo	11
11016	Huanimaro	11
11020	Leon	11
11030	San Felipe	11
11022	Ocampo	11
11003	San Miguel de Allende	11
11014	Dolores Hidalgo Cuna de la Independencia Nacional	11
11029	San Diego de la Union	11
11033	San Luis de la Paz	11
11043	Victoria	11
11034	Santa Catarina	11
11013	Doctor Mora	11
11040	Tierra Blanca	11
11032	San Jose Iturbide	11
11007	Celaya	11
11005	Apaseo el Grande	11
11009	Comonfort	11
11035	Santa Cruz de Juventino Rosas	11
11044	Villagran	11
11011	Cortazar	11
11042	Valle de Santiago	11
11018	Jaral del Progreso	11
11004	Apaseo el Alto	11
11019	Jerecuaro	11
11010	Coroneo	11
11002	Acambaro	11
11039	Tarimoro	11
11038	Tarandacuao	11
11021	Moroleon	11
11028	Salvatierra	11
11046	Yuriria	11
11036	Santiago Maravatio	11
11041	Uriangato	11
12029	Chilpancingo de los Bravo	12
12032	General Heliodoro Castillo	12
12040	Leonardo Bravo	12
12061	Tixtla de Guerrero	12
12012	Ayutla de los Libres	12
12044	Mochitlan	12
12051	Quechultenango	12
12056	Tecoanapa	12
12001	Acapulco de Juarez	12
12039	Juan R. Escudero	12
12053	San Marcos	12
12035	Iguala de la Independencia	12
12034	Huitzuco de los Figueroa	12
12059	Tepecoacuilco de Trujano	12
12075	Eduardo Neri	12
12055	Taxco de Alarcon	12
12015	Buenavista de Cuellar	12
12058	Teloloapan	12
12007	Arcelia	12
12006	Apaxtla	12
12067	Tlapehuala	12
12027	Cutzamala de Pinzon	12
12050	Pungarabato	12
12064	Tlalchapa	12
12022	Coyuca de Catalan	12
12003	Ajuchitlan del Progreso	12
12073	Zirandaro	12
12068	La Union de Isidoro Montes de Oca	12
12048	Petatlan	12
12038	Zihuatanejo de Azueta	12
12057	Tecpan de Galeana	12
12011	Atoyac de alvarez	12
12014	Benito Juarez	12
12021	Coyuca de Benitez	12
12045	Olinala	12
12008	Atenango del Rio	12
12028	Chilapa de alvarez	12
12079	Jose Joaquin de Herrera	12
12002	Ahuacuotzingo	12
12033	Huamuxtitlan	12
12066	Tlapa de Comonfort	12
12065	Tlalixtaquilla de Maldonado	12
12072	Zapotitlan Tablas	12
12076	Acatepec	12
12010	Atlixtac	12
12020	Copanatoyac	12
12052	San Luis Acatlan	12
12043	Metlatonoc	12
12078	Cochoapa el Grande	12
12004	Alcozauca de Guerrero	12
12046	Ometepec	12
12071	Xochistlahuaca	12
12030	Florencio Villarreal	12
12018	Copala	12
12013	Azoyu	12
12077	Marquelia	12
12023	Cuajinicuilapa	12
12036	Igualapa	12
13048	Pachuca de Soto	13
13038	Mineral del Chico	13
13039	Mineral del Monte	13
13005	Ajacuba	13
13052	San Agustin Tlaxiaca	13
13051	Mineral de la Reforma	13
13082	Zapotlan de Juarez	13
13031	Jacala de Ledezma	13
13049	Pisaflores	13
13018	Chapulhuacan	13
13030	Ixmiquilpan	13
13084	Zimapan	13
13015	Cardonal	13
13058	Tasquillo	13
13006	Alfajayucan	13
13029	Huichapan	13
13059	Tecozautla	13
13044	Nopala de Villagran	13
13003	Actopan	13
13055	Santiago de Anaya	13
13054	San Salvador	13
13023	Francisco I. Madero	13
13009	El Arenal	13
13041	Mixquiahuala de Juarez	13
13050	Progreso de Obregon	13
13019	Chilcuautla	13
13067	Tezontepec de Aldama	13
13070	Tlahuelilpan	13
13076	Tula de Allende	13
13063	Tepeji del Rio de Ocampo	13
13017	Chapantongo	13
13064	Tepetitlan	13
13065	Tetepango	13
13074	Tlaxcoapan	13
13010	Atitalaquia	13
13013	Atotonilco de Tula	13
13028	Huejutla de Reyes	13
13046	San Felipe Orizatlan	13
13032	Jaltocan	13
13025	Huautla	13
13011	Atlapexco	13
13026	Huazalingo	13
13080	Yahualica	13
13078	Xochiatipan	13
13042	Molango de Escamilla	13
13062	Tepehuacan de Guerrero	13
13034	Lolotla	13
13073	Tlanchinol	13
13071	Tlahuiltepa	13
13033	Juarez Hidalgo	13
13081	Zacualtipan de angeles	13
13014	Calnali	13
13079	Xochicoatlan	13
13012	Atotonilco el Grande	13
13020	Eloxochitlan	13
13037	Metztitlan	13
13036	San Agustin Metzquititlan	13
13035	Metepec	13
13027	Huehuetla	13
13053	San Bartolo Tutotepec	13
13004	Agua Blanca de Iturbide	13
13060	Tenango de Doria	13
13024	Huasca de Ocampo	13
13001	Acatlan	13
13045	Omitlan de Juarez	13
13022	Epazoyucan	13
13077	Tulancingo de Bravo	13
13002	Acaxochitlan	13
13016	Cuautepec de Hinojosa	13
13056	Santiago Tulantepec de Lugo Guerrero	13
13057	Singuilucan	13
13069	Tizayuca	13
13083	Zempoala	13
13075	Tolcayuca	13
13066	Villa de Tezontepec	13
13008	Apan	13
13072	Tlanalapa	13
13007	Almoloya	13
13021	Emiliano Zapata	13
13061	Tepeapulco	13
14039	Guadalajara	14
14120	Zapopan	14
14045	Ixtlahuacan del Rio	14
14083	Tala	14
14009	El Arenal	14
14005	Amatitan	14
14101	Tonala	14
14124	Zapotlanejo	14
14001	Acatic	14
14029	Cuquio	14
14098	San Pedro Tlaquepaque	14
14097	Tlajomulco de Zuñiga	14
14070	El Salto	14
14002	Acatlan de Juarez	14
14114	Villa Corona	14
14119	Zacoalco de Torres	14
14050	Jocotepec	14
14044	Ixtlahuacan de los Membrillos	14
14051	Juanacatlan	14
14030	Chapala	14
14066	Poncitlan	14
14123	Zapotlan del Rey	14
14042	Huejuquilla el Alto	14
14061	Mezquitic	14
14115	Villa Guerrero	14
14019	Bolaños	14
14104	Totatiche	14
14025	Colotlan	14
14081	Santa Maria de los angeles	14
14041	Huejucar	14
14094	Tequila	14
14055	Magdalena	14
14036	Etzatlan	14
14007	San Juanito de Escobedo	14
14006	Ameca	14
14003	Ahualulco de Mercado	14
14077	San Martin Hidalgo	14
14058	Mascota	14
14080	San Sebastian del Oeste	14
14073	San Juan de los Lagos	14
14046	Jalostotitlan	14
14078	San Miguel el Alto	14
14074	San Julian	14
14008	Arandas	14
14125	San Ignacio Cerro Gordo	14
14091	Teocaltiche	14
14116	Villa Hidalgo	14
14035	Encarnacion de Diaz	14
14118	Yahualica de Gonzalez Gallo	14
14060	Mexticacan	14
14117	Cañadas de Obregon	14
14111	Valle de Guadalupe	14
14053	Lagos de Moreno	14
14064	Ojuelos de Jalisco	14
14109	Union de San Antonio	14
14072	San Diego de Alejandria	14
14093	Tepatitlan de Morelos	14
14105	Tototlan	14
14013	Atotonilco el Alto	14
14063	Ocotlan	14
14047	Jamay	14
14018	La Barca	14
14016	Ayotlan	14
14048	Jesus Maria	14
14110	Union de Tula	14
14012	Atenguillo	14
14084	Talpa de Allende	14
14067	Puerto Vallarta	14
14020	Cabo Corrientes	14
14100	Tomatlan	14
14024	Cocula	14
14088	Tecolotlan	14
14052	Juchitlan	14
14037	El Grullo	14
14102	Tonaya	14
14106	Tuxcacuesco	14
14068	Villa Purificacion	14
14043	La Huerta	14
14015	Autlan de Navarro	14
14021	Casimiro Castillo	14
14027	Cuautitlan de Garcia Barragan	14
14022	Cihuatlan	14
14023	Zapotlan el Grande	14
14079	Gomez Farias	14
14092	Teocuitatlan de Corona	14
14082	Sayula	14
14086	Tapalpa	14
14096	Tizapan el Alto	14
14121	Zapotiltic	14
14085	Tamazula de Gordiano	14
14113	San Gabriel	14
14099	Toliman	14
14108	Tuxpan	14
14065	Pihuamo	14
14087	Tecalitlan	14
14056	Santa Maria del Oro	14
15106	Toluca	15
15001	Acambay de Ruiz Castañeda	15
15003	Aculco	15
15085	Temascalcingo	15
15014	Atlacomulco	15
15102	Timilpan	15
15056	Morelos	15
15064	El Oro	15
15074	San Felipe del Progreso	15
15124	San Jose del Rincon	15
15048	Jocotitlan	15
15042	Ixtlahuaca	15
15047	Jiquipilco	15
15087	Temoaya	15
15005	Almoloya de Juarez	15
15114	Villa Victoria	15
15078	Santo Tomas	15
15116	Zacazonapan	15
15110	Valle de Bravo	15
15118	Zinacantepec	15
15082	Tejupilco	15
15123	Luvianos	15
15008	Amatepec	15
15105	Tlatlaya	15
15021	Coatepec Harinas	15
15004	Almoloya de Alquisiras	15
15040	Ixtapan de la Sal	15
15107	Tonatico	15
15119	Zumpahuacan	15
15051	Lerma	15
15115	Xonacatlan	15
15067	Otzolotepec	15
15076	San Mateo Atenco	15
15054	Metepec	15
15055	Mexicaltzingo	15
15018	Calimaya	15
15027	Chapultepec	15
15073	San Antonio la Isla	15
15090	Tenango del Valle	15
15072	Rayon	15
15049	Joquicingo	15
15088	Tenancingo	15
15052	Malinalco	15
15063	Ocuilan	15
15012	Atizapan	15
15006	Almoloya del Rio	15
15098	Texcalyacac	15
15101	Tianguistenco	15
15043	Xalatlaco	15
15019	Capulhuac	15
15062	Ocoyoacac	15
15037	Huixquilucan	15
15013	Atizapan de Zaragoza	15
15057	Naucalpan de Juarez	15
15104	Tlalnepantla de Baz	15
15071	Polotitlan	15
15045	Jilotepec	15
15079	Soyaniquilpan de Juarez	15
15060	Nicolas Romero	15
15038	Isidro Fabela	15
15095	Tepotzotlan	15
15023	Coyotepec	15
15035	Huehuetoca	15
15121	Cuautitlan Izcalli	15
15091	Teoloyucan	15
15024	Cuautitlan	15
15053	Melchor Ocampo	15
15109	Tultitlan	15
15108	Tultepec	15
15033	Ecatepec de Morelos	15
15120	Zumpango	15
15096	Tequixquiac	15
15010	Apaxco	15
15036	Hueypoxtla	15
15020	Coacalco de Berriozabal	15
15081	Tecamac	15
15044	Jaltenco	15
15125	Tonanitla	15
15059	Nextlalpan	15
15092	Teotihuacan	15
15075	San Martin de las Piramides	15
15002	Acolman	15
15065	Otumba	15
15016	Axapusco	15
15061	Nopaltepec	15
15084	Temascalapa	15
15100	Tezoyuca	15
15028	Chiautla	15
15093	Tepetlaoxtoc	15
15099	Texcoco	15
15030	Chiconcuac	15
15011	Atenco	15
15031	Chimalhuacan	15
15029	Chicoloapan	15
15070	La Paz	15
15039	Ixtapaluca	15
15025	Chalco	15
15122	Valle de Chalco Solidaridad	15
15083	Temamatla	15
15022	Cocotitlan	15
15103	Tlalmanalco	15
15017	Ayapango	15
15089	Tenango del Aire	15
15068	Ozumba	15
15050	Juchitepec	15
15094	Tepetlixpa	15
15009	Amecameca	15
15015	Atlautla	15
15034	Ecatzingo	15
15058	Nezahualcoyotl	15
16053	Morelia	16
16037	Huaniqueo	16
16016	Coeneo	16
16073	Quiroga	16
16100	Tzintzuntzan	16
16001	Acuitzio	16
16049	Madero	16
16071	Puruandiro	16
16113	Jose Sixto Verduzco	16
16004	Angamacutiro	16
16063	Panindicuaro	16
16107	Zacapu	16
16094	Tlazazalca	16
16070	Purepero	16
16044	Jimenez	16
16054	Morelos	16
16036	Huandacareo	16
16020	Cuitzeo	16
16027	Chucandiro	16
16018	Copandaro	16
16088	Tarimbaro	16
16078	Santa Ana Maya	16
16003	alvaro Obregon	16
16110	Zinapecuaro	16
16040	Indaparapeo	16
16072	Querendaro	16
16076	Sahuayo	16
16011	Briseñas	16
16103	Venustiano Carranza	16
16062	Pajacuaran	16
16105	Vista Hermosa	16
16086	Tanhuato	16
16106	Yurecuaro	16
16042	Ixtlan	16
16069	La Piedad	16
16060	Numaran	16
16028	Churintzio	16
16109	Zinaparo	16
16067	Penjamillo	16
16051	Marcos Castellanos	16
16045	Jiquilpan	16
16104	Villamar	16
16108	Zamora	16
16030	Ecuandureo	16
16085	Tangancicuaro	16
16025	Chilchota	16
16043	Jacona	16
16084	Tangamandapio	16
16019	Cotija	16
16095	Tocumbo	16
16091	Tingüindin	16
16102	Uruapan	16
16065	Paracho	16
16024	Cheran	16
16056	Nahuatzen	16
16090	Tingambato	16
16075	Los Reyes	16
16068	Periban	16
16083	Tancitaro	16
16058	Nuevo Parangaricutiro	16
16012	Buenavista	16
16089	Tepalcatepec	16
16002	Aguililla	16
16006	Apatzingan	16
16064	Paracuaro	16
16014	Coahuayana	16
16015	Coalcoman de Vazquez Pallares	16
16008	Aquila	16
16096	Tumbiscatio	16
16010	Arteaga	16
16052	Lazaro Cardenas	16
16031	Epitacio Huerta	16
16017	Contepec	16
16093	Tlalpujahua	16
16034	Hidalgo	16
16050	Maravatio	16
16041	Irimbo	16
16080	Senguio	16
16092	Tiquicheo de Nicolas Romero	16
16007	Aporo	16
16005	Angangueo	16
16098	Tuxpan	16
16061	Ocampo	16
16047	Jungapeo	16
16112	Zitacuaro	16
16099	Tuzantla	16
16046	Juarez	16
16081	Susupuato	16
16066	Patzcuaro	16
16032	Erongaricuaro	16
16039	Huiramba	16
16082	Tacambaro	16
16097	Turicato	16
16111	Ziracuaretiro	16
16087	Taretan	16
16033	Gabriel Zamora	16
16059	Nuevo Urecho	16
16055	Mugica	16
16079	Salvador Escalante	16
16009	Ario	16
16035	La Huacana	16
16029	Churumuco	16
16057	Nocupetaro	16
16013	Caracuaro	16
16038	Huetamo	16
16077	San Lucas	16
17007	Cuernavaca	17
17020	Tepoztlan	17
17023	Tlalnepantla	17
17026	Tlayacapan	17
17011	Jiutepec	17
17018	Temixco	17
17015	Miacatlan	17
17034	Coatetelco	17
17005	Coatlan del Rio	17
17021	Tetecala	17
17014	Mazatepec	17
17001	Amacuzac	17
17017	Puente de Ixtla	17
17035	Xoxocotla	17
17004	Ayala	17
17029	Yautepec	17
17006	Cuautla	17
17008	Emiliano Zapata	17
17024	Tlaltizapan de Zapata	17
17031	Zacatepec	17
17028	Xochitepec	17
17022	Tetela del Volcan	17
17036	Hueyapan	17
17030	Yecapixtla	17
17027	Totolapan	17
17002	Atlatlahucan	17
17016	Ocuituco	17
17033	Temoac	17
17032	Zacualpan de Amilpas	17
17012	Jojutla	17
17019	Tepalcingo	17
17013	Jonacatepec de Leandro Valle	17
17003	Axochiapan	17
17010	Jantetelco	17
17025	Tlaquiltenango	17
18017	Tepic	18
18018	Tuxpan	18
18015	Santiago Ixcuintla	18
18001	Acaponeta	18
18016	Tecuala	18
18019	La Yesca	18
18011	Ruiz	18
18010	Rosamorada	18
18004	Compostela	18
18020	Bahia de Banderas	18
18012	San Blas	18
18008	Xalisco	18
18013	San Pedro Lagunillas	18
18014	Santa Maria del Oro	18
18007	Jala	18
18002	Ahuacatlan	18
18006	Ixtlan del Rio	18
18003	Amatlan de Cañas	18
19039	Monterrey	19
19005	Anahuac	19
19008	Bustamante	19
19044	Sabinas Hidalgo	19
19051	Villaldama	19
19045	Salinas Victoria	19
19012	Cienega de Flores	19
19047	Hidalgo	19
19001	Abasolo	19
19025	General Zuazua	19
19002	Agualeguas	19
19023	General Treviño	19
19011	Cerralvo	19
19035	Melchor Ocampo	19
19018	Garcia	19
19021	General Escobedo	19
19048	Santa Catarina	19
19019	San Pedro Garza Garcia	19
19046	San Nicolas de los Garza	19
19010	El Carmen	19
19006	Apodaca	19
19041	Pesqueria	19
19027	Los Herreras	19
19003	Los Aldamas	19
19015	Doctor Coss	19
19020	General Bravo	19
19013	China	19
19026	Guadalupe	19
19031	Juarez	19
19049	Santiago	19
19004	Allende	19
19022	General Teran	19
19009	Cadereyta Jimenez	19
19038	Montemorelos	19
19043	Rayones	19
19033	Linares	19
19017	Galeana	19
19029	Hualahuises	19
19014	Doctor Arroyo	19
19007	Aramberri	19
19024	General Zaragoza	19
20067	Oaxaca de Juarez	20
20338	Villa de Etla	20
20150	San Francisco Telixtlahuaca	20
20294	San Pablo Huitzo	20
20045	Magdalena Apasco	20
20483	Santiago Suchilquitongo	20
20178	San Juan Bautista Guelache	20
20063	Nazareno Etla	20
20084	San Agustin Etla	20
20539	Soledad Etla	20
20033	Guadalupe Etla	20
20293	San Pablo Etla	20
20135	San Felipe Tejalapam	20
20227	San Lorenzo Cacaotepec	20
20553	Tlalixtac de Cabrera	20
20157	San Jacinto Amilpas	20
20091	San Andres Huayapam	20
20409	Santa Maria del Tule	20
20184	San Juan Bautista Tuxtepec	20
20044	Loma Bonita	20
20021	Cosolapa	20
20002	Acatlan de Perez Figueroa	20
20278	San Miguel Soyaltepec	20
20309	San Pedro Ixcatlan	20
20166	San Jose Chiltepec	20
20134	San Felipe Jalapa de Diaz	20
20559	San Juan Bautista Valle Nacional	20
20041	Huautla de Jimenez	20
20406	Santa Maria Chilchotla	20
20545	Teotitlan de Flores Magon	20
20177	San Juan Bautista Cuicatlan	20
20027	Chiquihuitlan de Benito Juarez	20
20098	San Andres Teotilalpam	20
20062	Natividad	20
20458	Santiago Comaltepec	20
20280	Villa Talea de Castro	20
20201	San Juan Juquila Vijanos	20
20039	Heroica Ciudad de Huajuapan de Leon	20
20459	Santiago Chazumba	20
20549	Tezoatlan de Segura y Luna	20
20055	Mariscala de Juarez	20
20065	Ixpantepec Nieves	20
20540	Villa de Tamazulapam del Progreso	20
20093	San Andres Lagunas	20
20006	Asuncion Nochixtlan	20
20469	Santiago Juxtlahuaca	20
20348	San Sebastian Tecomaxtlahuaca	20
20208	San Juan Mixtepec -Dto. 08 -	20
20397	Heroica Ciudad de Tlaxiaco	20
20210	San Juan Ñumi	20
20379	Santa Cruz Nundaco	20
20532	Santo Tomas Ocotepec	20
20445	Santa Maria Yosoyua	20
20046	Magdalena Jaltepec	20
20043	Juchitan de Zaragoza	20
20014	Ciudad Ixtepec	20
20030	El Espinal	20
20505	Santo Domingo Ingenio	20
20441	Santa Maria Xadani	20
20066	Santiago Niltepec	20
20005	Asuncion Ixtaltepec	20
20557	Union Hidalgo	20
20525	Santo Domingo Zanatepec	20
20075	Reforma de Pineda	20
20143	San Francisco Ixhuatan	20
20327	San Pedro Tapanatepec	20
20025	Chahuites	20
20190	San Juan Cotzocon	20
20057	Matias Romero Avendaño	20
20198	San Juan Guichicovi	20
20427	Santa Maria Petapa	20
20010	El Barrio de la Soledad	20
20551	Tlacolula de Matamoros	20
20145	San Francisco Lachigolo	20
20298	San Pablo Villa de Mitla	20
20475	Santiago Matatlan	20
20333	San Pedro Totolapam	20
20125	San Carlos Yautepec	20
20064	Nejapa de Madero	20
20079	Salina Cruz	20
20418	Santa Maria Jalapa del Marques	20
20472	Santiago Laollaga	20
20412	Santa Maria Guienagati	20
20052	Magdalena Tequisistlan	20
20515	Santo Domingo Tehuantepec	20
20308	San Pedro Huilotepec	20
20248	San Mateo del Mar	20
20124	San Blas Atempa	20
20059	Miahuatlan de Porfirio Diaz	20
20170	San Jose Lachiguiri	20
20324	San Pedro Pochutla	20
20401	Santa Maria Colotepec	20
20439	Santa Maria Tonameca	20
20413	Santa Maria Huatulco	20
20073	Putla Villa de Guerrero	20
20447	Santa Maria Zacatepec	20
20026	Chalcatongo de Hidalgo	20
20372	Santa Catarina Yosonotu	20
20269	San Miguel el Grande	20
20392	Santa Lucia Monteverde	20
20377	Santa Cruz Itundujia	20
20570	Zimatlan de alvarez	20
20399	Santa Maria Atzompa	20
20375	Santa Cruz Amilpas	20
20385	Santa Cruz Xoxocotlan	20
20390	Santa Lucia del Camino	20
20310	San Pedro Ixtlahuaca	20
20107	San Antonio de la Cal	20
20295	San Pablo Huixtepec	20
20115	San Bartolo Coyotepec	20
20565	Villa de Zaachila	20
20398	Ayoquezco de Aldama	20
20566	San Mateo Yucutindoo	20
20450	Santiago Amoltepec	20
20023	Cuilapam de Guerrero	20
20277	Villa Sola de Vega	20
20429	Santa Maria Sola	20
20028	Heroica Ciudad de Ejutla de Crespo	20
20068	Ocotlan de Morelos	20
20007	Asuncion Ocotlan	20
20301	San Pedro Apostol	20
20482	Santiago Pinotepa Nacional	20
20185	San Juan Cacahuatepec	20
20180	San Juan Bautista Lo de Soto	20
20467	Santiago Jamiltepec	20
20188	San Juan Colorado	20
20312	San Pedro Jicayan	20
20082	San Agustin Chayuco	20
20334	Villa de Tututepec	20
20364	Santa Catarina Juquila	20
20526	Santos Reyes Nopala	20
20318	San Pedro Mixtepec -Dto. 22 -	20
21114	Puebla	21
21090	Juan C. Bonilla	21
21041	Cuautlancingo	21
21140	San Pedro Cholula	21
21119	San Andres Cholula	21
21106	Ocoyucan	21
21015	Amozoc	21
21064	Francisco Z. Mena	21
21194	Venustiano Carranza	21
21086	Jalpan	21
21197	Xicotepec	21
21109	Pahuatlan	21
21071	Huauchinango	21
21008	Ahuazotepec	21
21091	Juan Galindo	21
21183	Tlaola	21
21089	Jopala	21
21053	Chignahuapan	21
21208	Zacatlan	21
21006	Ahuacatlan	21
21068	Hermenegildo Galeana	21
21107	Olintla	21
21029	Caxhuacan	21
21101	Nauzontla	21
21076	Hueytamalco	21
21002	Acateno	21
21172	Tetela de Ocampo	21
21207	Zacapoaxtla	21
21211	Zaragoza	21
21083	Ixtacamaxtitlan	21
21212	Zautla	21
21105	Ocotepec	21
21094	Libres	21
21174	Teziutlan	21
21186	Tlatlauquitepec	21
21204	Yaonahuac	21
21075	Hueyapan	21
21173	Teteles de avila Castillo	21
21017	Atempan	21
21054	Chignautla	21
21199	Xiutetelco	21
21044	Cuyoaco	21
21170	Tepeyahualco	21
21132	San Martin Texmelucan	21
21180	Tlahuapan	21
21134	San Matias Tlalancaleca	21
21143	San Salvador el Verde	21
21074	Huejotzingo	21
21026	Calpan	21
21019	Atlixco	21
21188	Tochimilco	21
21069	Huaquechula	21
21085	Izucar de Matamoros	21
21185	Tlapanala	21
21051	Chietla	21
21047	Chiautla	21
21081	Ixcamilpa de Guerrero	21
21191	Tulcingo	21
21066	Guadalupe	21
21003	Acatlan	21
21112	Petlalcingo	21
21117	Rafael Lara Grajales	21
21108	Oriental	21
21067	Guadalupe Victoria	21
21179	Tlachichuca	21
21116	Quimixtlan	21
21001	Acajete	21
21104	Nopalucan	21
21096	Mazapiltepec de Juarez	21
21152	Soltepec	21
21004	Acatzingo	21
21142	San Salvador el Seco	21
21164	Tepeaca	21
21040	Cuautinchan	21
21153	Tecali de Herrera	21
21070	Huatlatlauca	21
21038	Cuapiaxtla de Madero	21
21115	Quecholac	21
21154	Tecamachalco	21
21110	Palmar de Bravo	21
21045	Chalchicomula de Sesma	21
21023	Atzitzintla	21
21063	Esperanza	21
21099	Cañada Morelos	21
21189	Tochtepec	21
21020	Atoyatempan	21
21203	Xochitlan Todos Santos	21
21205	Yehualtepec	21
21177	Tlacotepec de Benito Juarez	21
21156	Tehuacan	21
21046	Chapulco	21
21149	Santiago Miahuatlan	21
21018	Atexcal	21
21124	San Gabriel Chilac	21
21010	Ajalpan	21
21217	Zoquitlan	21
21214	Zinacatepec	21
21035	Coxcatlan	21
22014	Queretaro	22
22011	El Marques	22
22005	Colon	22
22002	Pinal de Amoles	22
22009	Jalpan de Serra	22
22010	Landa de Matamoros	22
22003	Arroyo Seco	22
22013	Peñamiller	22
22004	Cadereyta de Montes	22
22015	San Joaquin	22
22018	Toliman	22
22007	Ezequiel Montes	22
22012	Pedro Escobedo	22
22017	Tequisquiapan	22
22016	San Juan del Rio	22
22001	Amealco de Bonfil	22
22006	Corregidora	22
22008	Huimilpan	22
23004	Othon P. Blanco	23
23002	Felipe Carrillo Puerto	23
23007	Lazaro Cardenas	23
23003	Isla Mujeres	23
23005	Benito Juarez	23
23011	Puerto Morelos	23
23001	Cozumel	23
23008	Solidaridad	23
23009	Tulum	23
23006	Jose Maria Morelos	23
23010	Bacalar	23
24028	San Luis Potosi	24
24035	Soledad de Graciano Sanchez	24
24009	Cerro de San Pedro	24
24001	Ahualulco	24
24021	Mexquitic de Carmona	24
24046	Villa de Arriaga	24
24044	Vanegas	24
24007	Cedral	24
24015	Charcas	24
24025	Salinas	24
24020	Matehuala	24
24048	Villa de la Paz	24
24017	Guadalcazar	24
24022	Moctezuma	24
24045	Venado	24
24056	Villa de Arista	24
24051	Villa Hidalgo	24
24013	Ciudad Valles	24
24016	Ebano	24
24040	Tamuin	24
24058	El Naranjo	24
24010	Ciudad del Maiz	24
24002	Alaquines	24
24005	Cardenas	24
24008	Cerritos	24
24050	Villa de Reyes	24
24055	Zaragoza	24
24032	Santa Maria del Rio	24
24043	Tierra Nueva	24
24024	Rioverde	24
24011	Ciudad Fernandez	24
24027	San Ciro de Acosta	24
24036	Tamasopo	24
24023	Rayon	24
24003	Aquismon	24
24012	Tancanhuitz	24
24041	Tanlajas	24
24034	San Vicente Tancuayalab	24
24026	San Antonio	24
24042	Tanquian de Escobedo	24
24014	Coxcatlan	24
24054	Xilitla	24
24053	Axtla de Terrazas	24
24038	Tampacan	24
24029	San Martin Chalchicuautla	24
24037	Tamazunchale	24
24057	Matlapa	24
25006	Culiacan	25
25018	Navolato	25
25005	Cosala	25
25013	Mocorito	25
25011	Guasave	25
25001	Ahome	25
25015	Salvador Alvarado	25
25002	Angostura	25
25007	Choix	25
25010	El Fuerte	25
25017	Sinaloa	25
25012	Mazatlan	25
25009	Escuinapa	25
25004	Concordia	25
25008	Elota	25
25014	Rosario	25
25016	San Ignacio	25
26030	Hermosillo	26
26020	Carbo	26
26055	San Luis Rio Colorado	26
26048	Puerto Peñasco	26
26070	General Plutarco Elias Calles	26
26017	Caborca	26
26004	Altar	26
26016	Benjamin Hill	26
26064	Trincheras	26
26047	Pitiquito	26
26043	Nogales	26
26035	Imuris	26
26036	Magdalena	26
26039	Naco	26
26002	Agua Prieta	26
26027	Fronteras	26
26041	Nacozari de Garcia	26
26031	Huachinera	26
26040	Nacori Chico	26
26008	Bacadehuachi	26
26023	Cumpas	26
26032	Huasabas	26
26038	Moctezuma	26
26058	Santa Ana	26
26019	Cananea	26
26006	Arizpe	26
26011	Bacoachi	26
26057	San Pedro de la Cueva	26
26034	Huepac	26
26066	Ures	26
26014	Baviacora	26
26018	Cajeme	26
26042	Navojoa	26
26033	Huatabampo	26
26012	Bacum	26
26026	Etchojoa	26
26071	Benito Juarez	26
26025	Empalme	26
26029	Guaymas	26
26072	San Ignacio Rio Muerto	26
26037	Mazatan	26
26052	Sahuaripa	26
26003	alamos	26
27004	Centro	27
27010	Jalpa de Mendez	27
27013	Nacajuca	27
27005	Comalcalco	27
27008	Huimanguillo	27
27002	Cardenas	27
27014	Paraiso	27
27006	Cunduacan	27
27012	Macuspana	27
27003	Centla	27
27011	Jonuta	27
27016	Teapa	27
27009	Jalapa	27
27015	Tacotalpa	27
27017	Tenosique	27
27001	Balancan	27
27007	Emiliano Zapata	27
28041	Victoria	28
28019	Llera	28
28022	Matamoros	28
28040	Valle Hermoso	28
28035	San Fernando	28
28010	Cruillas	28
28036	San Nicolas	28
28037	Soto la Marina	28
28018	Jimenez	28
28034	San Carlos	28
28001	Abasolo	28
28030	Padilla	28
28016	Hidalgo	28
28042	Villagran	28
28039	Tula	28
28017	Jaumave	28
28026	Miquihuana	28
28006	Bustamante	28
28031	Palmillas	28
28029	Ocampo	28
28027	Nuevo Laredo	28
28025	Miguel Aleman	28
28014	Guerrero	28
28024	Mier	28
28015	Gustavo Diaz Ordaz	28
28007	Camargo	28
28032	Reynosa	28
28033	Rio Bravo	28
28023	Mendez	28
28005	Burgos	28
28038	Tampico	28
28009	Ciudad Madero	28
28003	Altamira	28
28002	Aldama	28
28012	Gonzalez	28
28043	Xicotencatl	28
28011	Gomez Farias	28
28021	El Mante	28
28004	Antiguo Morelos	28
28028	Nuevo Morelos	28
29033	Tlaxcala	29
29015	Ixtacuixtla de Mariano Matamoros	29
29056	Santa Ana Nopalucan	29
29024	Panotla	29
29029	Tepeyanco	29
29006	Calpulalpan	29
29014	Hueyotlipan	29
29034	Tlaxco	29
29021	Nanacamilpa de Mariano Arista	29
29012	Españita	29
29005	Apizaco	29
29003	Atlangatepec	29
29031	Tetla de la Solidaridad	29
29040	Xaltocan	29
29043	Yauhquemehcan	29
29039	Xaloztoc	29
29035	Tocatlan	29
29038	Tzompantepec	29
29052	San Jose Teacalco	29
29013	Huamantla	29
29030	Terrenate	29
29046	Emiliano Zapata	29
29004	Atltzayanca	29
29008	Cuapiaxtla	29
29007	El Carmen Tequexquitla	29
29037	Ziltlaltepec de Trinidad Sanchez Santos	29
29002	Apetatitlan de Antonio Carvajal	29
29026	Santa Cruz Tlaxcala	29
29009	Cuaxomulco	29
29018	Contla de Juan Cuamatzi	29
29023	Nativitas	29
29049	San Damian Texoloc	29
29044	Zacatelco	29
29058	Santa Catarina Ayometla	29
29041	Papalotla de Xicohtencatl	29
29010	Chiautempan	29
29048	La Magdalena Tlaltelulco	29
29028	Teolocholco	29
29022	Acuamanala de Miguel Hidalgo	29
29027	Tenancingo	29
29025	San Pablo del Monte	29
30087	Xalapa	30
30182	Tlalnelhuayocan	30
30092	Xico	30
30025	Ayahualulco	30
30128	Perote	30
30026	Banderilla	30
30001	Acajete	30
30132	Las Vigas de Ramirez	30
30194	Villa Aldama	30
30187	Tonayan	30
30036	Coacoatzintla	30
30093	Jilotepec	30
30112	Naolinco	30
30106	Miahuatlan	30
30166	Tepetlan	30
30095	Juchique de Ferrer	30
30009	Alto Lucero de Gutierrez Barrios	30
30004	Actopan	30
30038	Coatepec	30
30164	Teocelo	30
30065	Emiliano Zapata	30
30017	Apazapan	30
30134	Puente Nacional	30
30191	Ursulo Galvan	30
30126	Paso de Ovejas	30
30016	La Antigua	30
30193	Veracruz	30
30123	Panuco	30
30133	Pueblo Viejo	30
30152	Tampico Alto	30
30161	Tempoal	30
30121	Ozuluama de Mascareñas	30
30155	Tantoyuca	30
30129	Platon Sanchez	30
30056	Chiconamel	30
30055	Chalma	30
30013	Naranjos Amatlan	30
30205	El Higo	30
30060	Chinampa de Gorostiza	30
30150	Tamalin	30
30034	Cerro Azul	30
30153	Tancoco	30
30072	Huayacocotla	30
30170	Texcatepec	30
30058	Chicontepec	30
30160	alamo Temapache	30
30189	Tuxpan	30
30175	Tihuatlan	30
30157	Castillo de Teayo	30
30033	Cazones de Herrera	30
30067	Filomeno Mata	30
30051	Coyutla	30
30040	Coatzintla	30
30066	Espinal	30
30131	Poza Rica de Hidalgo	30
30124	Papantla	30
30069	Gutierrez Zamora	30
30158	Tecolutla	30
30102	Martinez de la Torre	30
30211	San Rafael	30
30183	Tlapacoyan	30
30023	Atzalan	30
30010	Altotonga	30
30109	Misantla	30
30057	Chiconquiaco	30
30197	Yecuatla	30
30192	Vega de Alatorre	30
30024	Tlaltetela	30
30162	Tenampa	30
30188	Totutla	30
30146	Sochiapa	30
30179	Tlacotepec de Mejia	30
30071	Huatusco	30
30029	Calcahualco	30
30008	Alpatlahuac	30
30047	Coscomatepec	30
30127	La Perla	30
30062	Chocaman	30
30080	Ixhuatlan del Cafe	30
30165	Tepatlaxco	30
30043	Comapa	30
30200	Zentla	30
30007	Camaron de Tejeda	30
30148	Soledad de Doblado	30
30100	Manlio Fabio Altamirano	30
30090	Jamapa	30
30105	Medellin de Bravo	30
30028	Boca del Rio	30
30118	Orizaba	30
30101	Mariano Escobedo	30
30081	Ixhuatlancillo	30
30085	Ixtaczoquitlan	30
30068	Fortin	30
30044	Cordoba	30
30115	Nogales	30
30138	Rio Blanco	30
30030	Camerino Z. Mendoza	30
30006	Acultzingo	30
30147	Soledad Atzompa	30
30074	Huiloapan de Cuauhtemoc	30
30195	Xoxocotla	30
30168	Tequila	30
30140	San Andres Tenejapan	30
30185	Tlilapan	30
30113	Naranjal	30
30117	Omealca	30
30053	Cuitlahuac	30
30052	Cuichapa	30
30196	Yanga	30
30014	Amatlan de los Reyes	30
30021	Atoyac	30
30125	Paso del Macho	30
30049	Cotaxtla	30
30201	Zongolica	30
30159	Tehuipango	30
30110	Mixtla de Altamirano	30
30171	Texhuacan	30
30173	Tezonapa	30
30174	Tierra Blanca	30
30181	Tlalixcoyan	30
30011	Alvarado	30
30097	Lerdo de Tejada	30
30207	Tres Valles	30
30208	Carlos A. Carrillo	30
30045	Cosamaloapan de Carpio	30
30012	Amatitlan	30
30178	Tlacotalpan	30
30139	Saltabarranca	30
30176	Tlacojalpan	30
30169	Jose Azueta	30
30130	Playa Vicente	30
30077	Isla	30
30094	Juan Rodriguez Clara	30
30141	San Andres Tuxtla	30
30143	Santiago Tuxtla	30
30015	Angel R. Cabada	30
30073	Hueyapan de Ocampo	30
30032	Catemaco	30
30149	Soteapan	30
30104	Mecayapan	30
30209	Tatahuicapan de Juarez	30
30122	Pajapan	30
30059	Chinameca	30
30003	Acayucan	30
30142	San Juan Evangelista	30
30144	Sayula de Aleman	30
30116	Oluta	30
30145	Soconusco	30
30172	Texistepec	30
30089	Jaltipan	30
30120	Oteapan	30
30048	Cosoleacaque	30
30206	Nanchital de Lazaro Cardenas del Rio	30
30082	Ixhuatlan del Sureste	30
30111	Moloacan	30
30039	Coatzacoalcos	30
30204	Agua Dulce	30
30108	Minatitlan	30
30070	Hidalgotitlan	30
30091	Jesus Carranza	30
30061	Las Choapas	30
30210	Uxpanapa	30
31050	Merida	31
31059	Progreso	31
31038	Hunucma	31
31100	Ucu	31
31041	Kanasin	31
31002	Acanceh	31
31101	Uman	31
31082	Telchac Pueblo	31
31026	Dzemul	31
31068	Sinanche	31
31052	Motul	31
31007	Cacalchen	31
31027	Dzidzantun	31
31040	Izamal	31
31067	Seye	31
31060	Quintana Roo	31
31096	Tizimin	31
31032	Espita	31
31081	Tekom	31
31019	Chemax	31
31102	Valladolid	31
31048	Maxcanu	31
31033	Halacho	31
31053	Muna	31
31089	Ticul	31
31056	Oxkutzcab	31
31058	Peto	31
31098	Tzucacab	31
31079	Tekax	31
31003	Akil	31
32056	Zacatecas	32
32007	Concepcion del Oro	32
32022	Juan Aldama	32
32029	Miguel Auza	32
32014	General Francisco R. Murguia	32
32039	Rio Grande	32
32051	Villa de Cos	32
32005	Calera	32
32037	Panuco	32
32013	General Enrique Estrada	32
32017	Guadalupe	32
32057	Trancoso	32
32012	Genaro Codina	32
32008	Cuauhtemoc	32
32036	Ojocaliente	32
32016	General Panfilo Natera	32
32025	Luis Moya	32
32024	Loreto	32
32053	Villa Gonzalez Ortega	32
32035	Noria de angeles	32
32052	Villa Garcia	32
32038	Pinos	32
32054	Villa Hidalgo	32
32010	Fresnillo	32
32042	Sombrerete	32
32040	Sain Alto	32
32049	Valparaiso	32
32009	Chalchihuites	32
32021	Jimenez del Teul	32
32020	Jerez	32
32031	Monte Escobedo	32
32055	Villanueva	32
32046	Tepetongo	32
32019	Jalpa	32
32044	Tabasco	32
32018	Huanusco	32
32048	Tlaltenango de Sanchez Roman	32
32030	Momax	32
32003	Atolinga	32
32045	Tepechitlan	32
32004	Benito Juarez	32
32047	Teul de Gonzalez Ortega	32
32058	Santa Maria de la Paz	32
32034	Nochistlan de Mejia	32
32001	Apozol	32
32023	Juchipila	32
32033	Moyahua de Estrada	32
