c_mnpio,D_mnpio,c_estado
1,Aguascalientes,1
11,San Francisco de los Romo,1
10,El Llano,1
7,Rincón de Romos,1
4,Cosío,1
8,San José de Gracia,1
9,Tepezalá,1
6,Pabellón de Arteaga,1
2,Asientos,1
3,Calvillo,1
5,Jesús María,1
2,Mexicali,2
3,Tecate,2
4,Tijuana,2
5,Playas de Rosarito,2
1,Ensenada,2
6,San Quintín,2
3,La Paz,3
8,Los Cabos,3
1,Comondú,3
9,Loreto,3
2,Mulegé,3
2,Campeche,4
3,Carmen,4
7,Palizada,4
11,Candelaria,4
9,Escárcega,4
4,Champotón,4
12,Seybaplaya,4
6,Hopelchén,4
10,Calakmul,4
8,Tenabo,4
5,Hecelchakán,4
1,Calkiní,4
30,Saltillo,5
4,Arteaga,5
15,Juárez,5
8,Escobedo,5
31,San Buenaventura,5
10,Frontera,5
18,Monclova,5
6,Castaños,5
27,Ramos Arizpe,5
25,Piedras Negras,5
22,Nava,5
2,Acuña,5
20,Múzquiz,5
14,Jiménez,5
38,Zaragoza,5
19,Morelos,5
3,Allende,5
37,Villa Unión,5
13,Hidalgo,5
28,Sabinas,5
32,San Juan de Sabinas,5
35,Torreón,5
17,Matamoros,5
36,Viesca,5
23,Ocampo,5
21,Nadadores,5
7,Cuatro Ciénegas,5
29,Sacramento,5
33,San Pedro,5
9,Francisco I. Madero,5
24,Parras,5
2,Colima,6
9,Tecomán,6
7,Manzanillo,6
1,Armería,6
4,Coquimatlán,6
3,Comala,6
5,Cuauhtémoc,6
6,Ixtlahuacán,6
8,Minatitlán,6
10,Villa de Álvarez,6
101,Tuxtla Gutiérrez,7
79,San Fernando,7
12,Berriozábal,7
61,Ocozocoautla de Espinosa,7
86,Suchiapa,7
27,Chiapa de Corzo,7
78,San Cristóbal de las Casas,7
23,Chamula,7
44,Ixtapa,7
111,Zinacantán,7
2,Acala,7
123,Emiliano Zapata,7
94,Teopisca,7
64,Oxchuc,7
38,Huixtán,7
93,Tenejapa,7
56,Mitontic,7
74,Reforma,7
48,Juárez,7
68,Pichucalco,7
88,Sunuapa,7
43,Ixtacomitán,7
45,Ixtapangajoya,7
124,Mezcalapa,7
92,Tecpatán,7
21,Copainalá,7
18,Coapilla,7
39,Huitiupán,7
42,Ixhuatán,7
73,Rayón,7
72,Pueblo Nuevo Solistahuacán,7
47,Jitotol,7
13,Bochil,7
112,San Juan Cancuc,7
76,Sabanilla,7
81,Simojovel,7
14,El Bosque,7
49,Larráinzar,7
119,Santiago el Pinar,7
26,Chenalhó,7
66,Pantelhó,7
82,Sitalá,7
77,Salto de Agua,7
96,Tila,7
100,Tumbalá,7
109,Yajalón,7
59,Ocosingo,7
31,Chilón,7
65,Palenque,7
16,Catazajá,7
19,Comitán de Domínguez,7
104,Tzimol,7
11,Bella Vista,7
34,Frontera Comalapa,7
99,La Trinitaria,7
41,La Independencia,7
52,Las Margaritas,7
4,Altamirano,7
106,Venustiano Carranza,7
75,Las Rosas,7
20,La Concordia,7
8,Ángel Albino Corzo,7
117,Montecristo de Guerrero,7
83,Socoltenango,7
17,Cintalapa,7
46,Jiquipilas,7
9,Arriaga,7
108,Villaflores,7
97,Tonalá,7
107,Villa Corzo,7
69,Pijijiapan,7
51,Mapastepec,7
3,Acapetahua,7
1,Acacoyagua,7
32,Escuintla,7
71,Villa Comaltitlán,7
40,Huixtla,7
54,Mazatán,7
37,Huehuetán,7
103,Tuzantán,7
89,Tapachula,7
87,Suchiate,7
35,Frontera Hidalgo,7
55,Metapa,7
102,Tuxtla Chico,7
105,Unión Juárez,7
15,Cacahoatán,7
57,Motozintla,7
53,Mazapa de Madero,7
6,Amatenango de la Frontera,7
80,Siltepec,7
125,Honduras de la Sierra,7
19,Chihuahua,8
17,Cuauhtémoc,8
54,Riva Palacio,8
4,Aquiles Serdán,8
6,Bachíniva,8
31,Guerrero,8
50,Nuevo Casas Grandes,8
5,Ascensión,8
35,Janos,8
13,Casas Grandes,8
10,Buenaventura,8
25,Gómez Farías,8
34,Ignacio Zaragoza,8
40,Madera,8
48,Namiquipa,8
63,Temósachic,8
37,Juárez,8
53,Praxedis G. Guerrero,8
1,Ahumada,8
52,Ojinaga,8
2,Aldama,8
38,Julimes,8
21,Delicias,8
55,Rosales,8
45,Meoqui,8
27,Guachochi,8
9,Bocoyna,8
18,Cusihuiriachi,8
24,Santa Isabel,8
12,Carichí,8
20,Chínipas,8
65,Urique,8
29,Guadalupe y Calvo,8
59,San Francisco del Oro,8
7,Balleza,8
60,Santa Bárbara,8
11,Camargo,8
62,Saucillo,8
67,Valle de Zaragoza,8
16,La Cruz,8
32,Hidalgo del Parral,8
3,Allende,8
39,López,8
44,Matamoros,8
36,Jiménez,8
14,Coronado,8
10,Álvaro Obregón,9
2,Azcapotzalco,9
14,Benito Juárez,9
3,Coyoacán,9
4,Cuajimalpa de Morelos,9
15,Cuauhtémoc,9
5,Gustavo A. Madero,9
6,Iztacalco,9
7,Iztapalapa,9
8,La Magdalena Contreras,9
16,Miguel Hidalgo,9
9,Milpa Alta,9
11,Tláhuac,9
12,Tlalpan,9
17,Venustiano Carranza,9
13,Xochimilco,9
5,Durango,10
39,Nuevo Ideal,10
1,Canatlán,10
3,Coneto de Comonfort,10
28,San Juan del Río,10
32,Santiago Papasquiaro,10
26,San Dimas,10
8,Guadalupe Victoria,10
21,Peñón Blanco,10
20,Pánuco de Coronado,10
22,Poanas,10
16,Nombre de Dios,10
38,Vicente Guerrero,10
33,Súchil,10
23,Pueblo Nuevo,10
7,Gómez Palacio,10
12,Lerdo,10
13,Mapimí,10
36,Tlahualilo,10
10,Hidalgo,10
17,Ocampo,10
25,San Bernardo,10
18,El Oro,10
15,Nazas,10
24,Rodeo,10
4,Cuencamé,10
31,Santa Clara,10
15,Guanajuato,11
37,Silao de la Victoria,11
26,Romita,11
31,San Francisco del Rincón,11
25,Purísima del Rincón,11
8,Manuel Doblado,11
17,Irapuato,11
27,Salamanca,11
24,Pueblo Nuevo,11
23,Pénjamo,11
12,Cuerámaro,11
1,Abasolo,11
16,Huanímaro,11
20,León,11
30,San Felipe,11
22,Ocampo,11
3,San Miguel de Allende,11
14,Dolores Hidalgo Cuna de la Independencia Nacional,11
29,San Diego de la Unión,11
33,San Luis de la Paz,11
43,Victoria,11
34,Santa Catarina,11
13,Doctor Mora,11
40,Tierra Blanca,11
32,San José Iturbide,11
7,Celaya,11
5,Apaseo el Grande,11
9,Comonfort,11
35,Santa Cruz de Juventino Rosas,11
44,Villagrán,11
11,Cortazar,11
42,Valle de Santiago,11
18,Jaral del Progreso,11
4,Apaseo el Alto,11
19,Jerécuaro,11
10,Coroneo,11
2,Acámbaro,11
39,Tarimoro,11
38,Tarandacuao,11
21,Moroleón,11
28,Salvatierra,11
46,Yuriria,11
36,Santiago Maravatío,11
41,Uriangato,11
29,Chilpancingo de los Bravo,12
32,General Heliodoro Castillo,12
40,Leonardo Bravo,12
61,Tixtla de Guerrero,12
12,Ayutla de los Libres,12
44,Mochitlán,12
51,Quechultenango,12
56,Tecoanapa,12
1,Acapulco de Juárez,12
39,Juan R. Escudero,12
53,San Marcos,12
35,Iguala de la Independencia,12
34,Huitzuco de los Figueroa,12
59,Tepecoacuilco de Trujano,12
75,Eduardo Neri,12
55,Taxco de Alarcón,12
15,Buenavista de Cuéllar,12
58,Teloloapan,12
7,Arcelia,12
6,Apaxtla,12
67,Tlapehuala,12
27,Cutzamala de Pinzón,12
50,Pungarabato,12
64,Tlalchapa,12
22,Coyuca de Catalán,12
3,Ajuchitlán del Progreso,12
73,Zirándaro,12
68,La Unión de Isidoro Montes de Oca,12
48,Petatlán,12
38,Zihuatanejo de Azueta,12
57,Técpan de Galeana,12
11,Atoyac de Álvarez,12
14,Benito Juárez,12
21,Coyuca de Benítez,12
45,Olinalá,12
8,Atenango del Río,12
28,Chilapa de Álvarez,12
79,José Joaquín de Herrera,12
2,Ahuacuotzingo,12
33,Huamuxtitlán,12
66,Tlapa de Comonfort,12
65,Tlalixtaquilla de Maldonado,12
72,Zapotitlán Tablas,12
76,Acatepec,12
10,Atlixtac,12
20,Copanatoyac,12
52,San Luis Acatlán,12
43,Metlatónoc,12
78,Cochoapa el Grande,12
4,Alcozauca de Guerrero,12
46,Ometepec,12
71,Xochistlahuaca,12
30,Florencio Villarreal,12
18,Copala,12
13,Azoyú,12
77,Marquelia,12
23,Cuajinicuilapa,12
36,Igualapa,12
48,Pachuca de Soto,13
38,Mineral del Chico,13
39,Mineral del Monte,13
5,Ajacuba,13
52,San Agustín Tlaxiaca,13
51,Mineral de la Reforma,13
82,Zapotlán de Juárez,13
31,Jacala de Ledezma,13
49,Pisaflores,13
18,Chapulhuacán,13
30,Ixmiquilpan,13
84,Zimapán,13
15,Cardonal,13
58,Tasquillo,13
6,Alfajayucan,13
29,Huichapan,13
59,Tecozautla,13
44,Nopala de Villagrán,13
3,Actopan,13
55,Santiago de Anaya,13
54,San Salvador,13
23,Francisco I. Madero,13
9,El Arenal,13
41,Mixquiahuala de Juárez,13
50,Progreso de Obregón,13
19,Chilcuautla,13
67,Tezontepec de Aldama,13
70,Tlahuelilpan,13
76,Tula de Allende,13
63,Tepeji del Río de Ocampo,13
17,Chapantongo,13
64,Tepetitlán,13
65,Tetepango,13
74,Tlaxcoapan,13
10,Atitalaquia,13
13,Atotonilco de Tula,13
28,Huejutla de Reyes,13
46,San Felipe Orizatlán,13
32,Jaltocán,13
25,Huautla,13
11,Atlapexco,13
26,Huazalingo,13
80,Yahualica,13
78,Xochiatipan,13
42,Molango de Escamilla,13
62,Tepehuacán de Guerrero,13
34,Lolotla,13
73,Tlanchinol,13
71,Tlahuiltepa,13
33,Juárez Hidalgo,13
81,Zacualtipán de Ángeles,13
14,Calnali,13
79,Xochicoatlán,13
12,Atotonilco el Grande,13
20,Eloxochitlán,13
37,Metztitlán,13
36,San Agustín Metzquititlán,13
35,Metepec,13
27,Huehuetla,13
53,San Bartolo Tutotepec,13
4,Agua Blanca de Iturbide,13
60,Tenango de Doria,13
24,Huasca de Ocampo,13
1,Acatlán,13
45,Omitlán de Juárez,13
22,Epazoyucan,13
77,Tulancingo de Bravo,13
2,Acaxochitlán,13
16,Cuautepec de Hinojosa,13
56,Santiago Tulantepec de Lugo Guerrero,13
57,Singuilucan,13
69,Tizayuca,13
83,Zempoala,13
75,Tolcayuca,13
66,Villa de Tezontepec,13
8,Apan,13
72,Tlanalapa,13
7,Almoloya,13
21,Emiliano Zapata,13
61,Tepeapulco,13
39,Guadalajara,14
120,Zapopan,14
45,Ixtlahuacán del Río,14
83,Tala,14
9,El Arenal,14
5,Amatitán,14
101,Tonalá,14
124,Zapotlanejo,14
1,Acatic,14
29,Cuquío,14
98,San Pedro Tlaquepaque,14
97,Tlajomulco de Zúñiga,14
70,El Salto,14
2,Acatlán de Juárez,14
114,Villa Corona,14
119,Zacoalco de Torres,14
50,Jocotepec,14
44,Ixtlahuacán de los Membrillos,14
51,Juanacatlán,14
30,Chapala,14
66,Poncitlán,14
123,Zapotlán del Rey,14
42,Huejuquilla el Alto,14
61,Mezquitic,14
115,Villa Guerrero,14
19,Bolaños,14
104,Totatiche,14
25,Colotlán,14
81,Santa María de los Ángeles,14
41,Huejúcar,14
94,Tequila,14
55,Magdalena,14
36,Etzatlán,14
7,San Juanito de Escobedo,14
6,Ameca,14
3,Ahualulco de Mercado,14
77,San Martín Hidalgo,14
58,Mascota,14
80,San Sebastián del Oeste,14
73,San Juan de los Lagos,14
46,Jalostotitlán,14
78,San Miguel el Alto,14
74,San Julián,14
8,Arandas,14
125,San Ignacio Cerro Gordo,14
91,Teocaltiche,14
116,Villa Hidalgo,14
35,Encarnación de Díaz,14
118,Yahualica de González Gallo,14
60,Mexticacán,14
117,Cañadas de Obregón,14
111,Valle de Guadalupe,14
53,Lagos de Moreno,14
64,Ojuelos de Jalisco,14
109,Unión de San Antonio,14
72,San Diego de Alejandría,14
93,Tepatitlán de Morelos,14
105,Tototlán,14
13,Atotonilco el Alto,14
63,Ocotlán,14
47,Jamay,14
18,La Barca,14
16,Ayotlán,14
48,Jesús María,14
110,Unión de Tula,14
12,Atenguillo,14
84,Talpa de Allende,14
67,Puerto Vallarta,14
20,Cabo Corrientes,14
100,Tomatlán,14
24,Cocula,14
88,Tecolotlán,14
52,Juchitlán,14
37,El Grullo,14
102,Tonaya,14
106,Tuxcacuesco,14
68,Villa Purificación,14
43,La Huerta,14
15,Autlán de Navarro,14
21,Casimiro Castillo,14
27,Cuautitlán de García Barragán,14
22,Cihuatlán,14
23,Zapotlán el Grande,14
79,Gómez Farías,14
92,Teocuitatlán de Corona,14
82,Sayula,14
86,Tapalpa,14
96,Tizapán el Alto,14
121,Zapotiltic,14
85,Tamazula de Gordiano,14
113,San Gabriel,14
99,Tolimán,14
108,Tuxpan,14
65,Pihuamo,14
87,Tecalitlán,14
56,Santa María del Oro,14
106,Toluca,15
1,Acambay de Ruíz Castañeda,15
3,Aculco,15
85,Temascalcingo,15
14,Atlacomulco,15
102,Timilpan,15
56,Morelos,15
64,El Oro,15
74,San Felipe del Progreso,15
124,San José del Rincón,15
48,Jocotitlán,15
42,Ixtlahuaca,15
47,Jiquipilco,15
87,Temoaya,15
5,Almoloya de Juárez,15
114,Villa Victoria,15
78,Santo Tomás,15
116,Zacazonapan,15
110,Valle de Bravo,15
118,Zinacantepec,15
82,Tejupilco,15
123,Luvianos,15
8,Amatepec,15
105,Tlatlaya,15
21,Coatepec Harinas,15
4,Almoloya de Alquisiras,15
40,Ixtapan de la Sal,15
107,Tonatico,15
119,Zumpahuacán,15
51,Lerma,15
115,Xonacatlán,15
67,Otzolotepec,15
76,San Mateo Atenco,15
54,Metepec,15
55,Mexicaltzingo,15
18,Calimaya,15
27,Chapultepec,15
73,San Antonio la Isla,15
90,Tenango del Valle,15
72,Rayón,15
49,Joquicingo,15
88,Tenancingo,15
52,Malinalco,15
63,Ocuilan,15
12,Atizapán,15
6,Almoloya del Río,15
98,Texcalyacac,15
101,Tianguistenco,15
43,Xalatlaco,15
19,Capulhuac,15
62,Ocoyoacac,15
37,Huixquilucan,15
13,Atizapán de Zaragoza,15
57,Naucalpan de Juárez,15
104,Tlalnepantla de Baz,15
71,Polotitlán,15
45,Jilotepec,15
79,Soyaniquilpan de Juárez,15
60,Nicolás Romero,15
38,Isidro Fabela,15
95,Tepotzotlán,15
23,Coyotepec,15
35,Huehuetoca,15
121,Cuautitlán Izcalli,15
91,Teoloyucan,15
24,Cuautitlán,15
53,Melchor Ocampo,15
109,Tultitlán,15
108,Tultepec,15
33,Ecatepec de Morelos,15
120,Zumpango,15
96,Tequixquiac,15
10,Apaxco,15
36,Hueypoxtla,15
20,Coacalco de Berriozábal,15
81,Tecámac,15
44,Jaltenco,15
125,Tonanitla,15
59,Nextlalpan,15
92,Teotihuacán,15
75,San Martín de las Pirámides,15
2,Acolman,15
65,Otumba,15
16,Axapusco,15
61,Nopaltepec,15
84,Temascalapa,15
100,Tezoyuca,15
28,Chiautla,15
93,Tepetlaoxtoc,15
99,Texcoco,15
30,Chiconcuac,15
11,Atenco,15
31,Chimalhuacán,15
29,Chicoloapan,15
70,La Paz,15
39,Ixtapaluca,15
25,Chalco,15
122,Valle de Chalco Solidaridad,15
83,Temamatla,15
22,Cocotitlán,15
103,Tlalmanalco,15
17,Ayapango,15
89,Tenango del Aire,15
68,Ozumba,15
50,Juchitepec,15
94,Tepetlixpa,15
9,Amecameca,15
15,Atlautla,15
34,Ecatzingo,15
58,Nezahualcóyotl,15
53,Morelia,16
37,Huaniqueo,16
16,Coeneo,16
73,Quiroga,16
100,Tzintzuntzan,16
1,Acuitzio,16
49,Madero,16
71,Puruándiro,16
113,José Sixto Verduzco,16
4,Angamacutiro,16
63,Panindícuaro,16
107,Zacapu,16
94,Tlazazalca,16
70,Purépero,16
44,Jiménez,16
54,Morelos,16
36,Huandacareo,16
20,Cuitzeo,16
27,Chucándiro,16
18,Copándaro,16
88,Tarímbaro,16
78,Santa Ana Maya,16
3,Álvaro Obregón,16
110,Zinapécuaro,16
40,Indaparapeo,16
72,Queréndaro,16
76,Sahuayo,16
11,Briseñas,16
103,Venustiano Carranza,16
62,Pajacuarán,16
105,Vista Hermosa,16
86,Tanhuato,16
106,Yurécuaro,16
42,Ixtlán,16
69,La Piedad,16
60,Numarán,16
28,Churintzio,16
109,Zináparo,16
67,Penjamillo,16
51,Marcos Castellanos,16
45,Jiquilpan,16
104,Villamar,16
108,Zamora,16
30,Ecuandureo,16
85,Tangancícuaro,16
25,Chilchota,16
43,Jacona,16
84,Tangamandapio,16
19,Cotija,16
95,Tocumbo,16
91,Tingüindín,16
102,Uruapan,16
65,Paracho,16
24,Cherán,16
56,Nahuatzen,16
90,Tingambato,16
75,Los Reyes,16
68,Peribán,16
83,Tancítaro,16
58,Nuevo Parangaricutiro,16
12,Buenavista,16
89,Tepalcatepec,16
2,Aguililla,16
6,Apatzingán,16
64,Parácuaro,16
14,Coahuayana,16
15,Coalcomán de Vázquez Pallares,16
8,Aquila,16
96,Tumbiscatío,16
10,Arteaga,16
52,Lázaro Cárdenas,16
31,Epitacio Huerta,16
17,Contepec,16
93,Tlalpujahua,16
34,Hidalgo,16
50,Maravatío,16
41,Irimbo,16
80,Senguio,16
92,Tiquicheo de Nicolás Romero,16
7,Aporo,16
5,Angangueo,16
98,Tuxpan,16
61,Ocampo,16
47,Jungapeo,16
112,Zitácuaro,16
99,Tuzantla,16
46,Juárez,16
81,Susupuato,16
66,Pátzcuaro,16
32,Erongarícuaro,16
39,Huiramba,16
82,Tacámbaro,16
97,Turicato,16
111,Ziracuaretiro,16
87,Taretan,16
33,Gabriel Zamora,16
59,Nuevo Urecho,16
55,Múgica,16
79,Salvador Escalante,16
9,Ario,16
35,La Huacana,16
29,Churumuco,16
57,Nocupétaro,16
13,Carácuaro,16
38,Huetamo,16
77,San Lucas,16
7,Cuernavaca,17
20,Tepoztlán,17
23,Tlalnepantla,17
26,Tlayacapan,17
11,Jiutepec,17
18,Temixco,17
15,Miacatlán,17
34,Coatetelco,17
5,Coatlán del Río,17
21,Tetecala,17
14,Mazatepec,17
1,Amacuzac,17
17,Puente de Ixtla,17
35,Xoxocotla,17
4,Ayala,17
29,Yautepec,17
6,Cuautla,17
8,Emiliano Zapata,17
24,Tlaltizapán de Zapata,17
31,Zacatepec,17
28,Xochitepec,17
22,Tetela del Volcán,17
36,Hueyapan,17
30,Yecapixtla,17
27,Totolapan,17
2,Atlatlahucan,17
16,Ocuituco,17
33,Temoac,17
32,Zacualpan de Amilpas,17
12,Jojutla,17
19,Tepalcingo,17
13,Jonacatepec de Leandro Valle,17
3,Axochiapan,17
10,Jantetelco,17
25,Tlaquiltenango,17
17,Tepic,18
18,Tuxpan,18
15,Santiago Ixcuintla,18
1,Acaponeta,18
16,Tecuala,18
19,La Yesca,18
11,Ruíz,18
10,Rosamorada,18
4,Compostela,18
20,Bahía de Banderas,18
12,San Blas,18
8,Xalisco,18
13,San Pedro Lagunillas,18
14,Santa María del Oro,18
7,Jala,18
2,Ahuacatlán,18
6,Ixtlán del Río,18
3,Amatlán de Cañas,18
39,Monterrey,19
5,Anáhuac,19
8,Bustamante,19
44,Sabinas Hidalgo,19
51,Villaldama,19
45,Salinas Victoria,19
12,Ciénega de Flores,19
47,Hidalgo,19
1,Abasolo,19
25,General Zuazua,19
2,Agualeguas,19
23,General Treviño,19
11,Cerralvo,19
35,Melchor Ocampo,19
18,García,19
21,General Escobedo,19
48,Santa Catarina,19
19,San Pedro Garza García,19
46,San Nicolás de los Garza,19
10,El Carmen,19
6,Apodaca,19
41,Pesquería,19
27,Los Herreras,19
3,Los Aldamas,19
15,Doctor Coss,19
20,General Bravo,19
13,China,19
26,Guadalupe,19
31,Juárez,19
49,Santiago,19
4,Allende,19
22,General Terán,19
9,Cadereyta Jiménez,19
38,Montemorelos,19
43,Rayones,19
33,Linares,19
17,Galeana,19
29,Hualahuises,19
14,Doctor Arroyo,19
7,Aramberri,19
24,General Zaragoza,19
67,Oaxaca de Juárez,20
338,Villa de Etla,20
150,San Francisco Telixtlahuaca,20
294,San Pablo Huitzo,20
45,Magdalena Apasco,20
483,Santiago Suchilquitongo,20
178,San Juan Bautista Guelache,20
63,Nazareno Etla,20
84,San Agustín Etla,20
539,Soledad Etla,20
33,Guadalupe Etla,20
293,San Pablo Etla,20
135,San Felipe Tejalápam,20
227,San Lorenzo Cacaotepec,20
553,Tlalixtac de Cabrera,20
157,San Jacinto Amilpas,20
91,San Andrés Huayápam,20
409,Santa María del Tule,20
184,San Juan Bautista Tuxtepec,20
44,Loma Bonita,20
21,Cosolapa,20
2,Acatlán de Pérez Figueroa,20
278,San Miguel Soyaltepec,20
309,San Pedro Ixcatlán,20
166,San José Chiltepec,20
134,San Felipe Jalapa de Díaz,20
559,San Juan Bautista Valle Nacional,20
41,Huautla de Jiménez,20
406,Santa María Chilchotla,20
545,Teotitlán de Flores Magón,20
177,San Juan Bautista Cuicatlán,20
27,Chiquihuitlán de Benito Juárez,20
98,San Andrés Teotilálpam,20
62,Natividad,20
458,Santiago Comaltepec,20
280,Villa Talea de Castro,20
201,San Juan Juquila Vijanos,20
39,Heroica Ciudad de Huajuapan de León,20
459,Santiago Chazumba,20
549,Tezoatlán de Segura y Luna,20
55,Mariscala de Juárez,20
65,Ixpantepec Nieves,20
540,Villa de Tamazulápam del Progreso,20
93,San Andrés Lagunas,20
6,Asunción Nochixtlán,20
469,Santiago Juxtlahuaca,20
348,San Sebastián Tecomaxtlahuaca,20
208,San Juan Mixtepec -Dto. 08 -,20
397,Heroica Ciudad de Tlaxiaco,20
210,San Juan Ñumí,20
379,Santa Cruz Nundaco,20
532,Santo Tomás Ocotepec,20
445,Santa María Yosoyúa,20
46,Magdalena Jaltepec,20
43,Juchitán de Zaragoza,20
14,Ciudad Ixtepec,20
30,El Espinal,20
505,Santo Domingo Ingenio,20
441,Santa María Xadani,20
66,Santiago Niltepec,20
5,Asunción Ixtaltepec,20
557,Unión Hidalgo,20
525,Santo Domingo Zanatepec,20
75,Reforma de Pineda,20
143,San Francisco Ixhuatán,20
327,San Pedro Tapanatepec,20
25,Chahuites,20
190,San Juan Cotzocón,20
57,Matías Romero Avendaño,20
198,San Juan Guichicovi,20
427,Santa María Petapa,20
10,El Barrio de la Soledad,20
551,Tlacolula de Matamoros,20
145,San Francisco Lachigoló,20
298,San Pablo Villa de Mitla,20
475,Santiago Matatlán,20
333,San Pedro Totolápam,20
125,San Carlos Yautepec,20
64,Nejapa de Madero,20
79,Salina Cruz,20
418,Santa María Jalapa del Marqués,20
472,Santiago Laollaga,20
412,Santa María Guienagati,20
52,Magdalena Tequisistlán,20
515,Santo Domingo Tehuantepec,20
308,San Pedro Huilotepec,20
248,San Mateo del Mar,20
124,San Blas Atempa,20
59,Miahuatlán de Porfirio Díaz,20
170,San José Lachiguiri,20
324,San Pedro Pochutla,20
401,Santa María Colotepec,20
439,Santa María Tonameca,20
413,Santa María Huatulco,20
73,Putla Villa de Guerrero,20
447,Santa María Zacatepec,20
26,Chalcatongo de Hidalgo,20
372,Santa Catarina Yosonotú,20
269,San Miguel el Grande,20
392,Santa Lucía Monteverde,20
377,Santa Cruz Itundujia,20
570,Zimatlán de Álvarez,20
399,Santa María Atzompa,20
375,Santa Cruz Amilpas,20
385,Santa Cruz Xoxocotlán,20
390,Santa Lucía del Camino,20
310,San Pedro Ixtlahuaca,20
107,San Antonio de la Cal,20
295,San Pablo Huixtepec,20
115,San Bartolo Coyotepec,20
565,Villa de Zaachila,20
398,Ayoquezco de Aldama,20
566,San Mateo Yucutindoo,20
450,Santiago Amoltepec,20
23,Cuilápam de Guerrero,20
277,Villa Sola de Vega,20
429,Santa María Sola,20
28,Heroica Ciudad de Ejutla de Crespo,20
68,Ocotlán de Morelos,20
7,Asunción Ocotlán,20
301,San Pedro Apóstol,20
482,Santiago Pinotepa Nacional,20
185,San Juan Cacahuatepec,20
180,San Juan Bautista Lo de Soto,20
467,Santiago Jamiltepec,20
188,San Juan Colorado,20
312,San Pedro Jicayán,20
82,San Agustín Chayuco,20
334,Villa de Tututepec,20
364,Santa Catarina Juquila,20
526,Santos Reyes Nopala,20
318,San Pedro Mixtepec -Dto. 22 -,20
114,Puebla,21
90,Juan C. Bonilla,21
41,Cuautlancingo,21
140,San Pedro Cholula,21
119,San Andrés Cholula,21
106,Ocoyucan,21
15,Amozoc,21
64,Francisco Z. Mena,21
194,Venustiano Carranza,21
86,Jalpan,21
197,Xicotepec,21
109,Pahuatlán,21
71,Huauchinango,21
8,Ahuazotepec,21
91,Juan Galindo,21
183,Tlaola,21
89,Jopala,21
53,Chignahuapan,21
208,Zacatlán,21
6,Ahuacatlán,21
68,Hermenegildo Galeana,21
107,Olintla,21
29,Caxhuacan,21
101,Nauzontla,21
76,Hueytamalco,21
2,Acateno,21
172,Tetela de Ocampo,21
207,Zacapoaxtla,21
211,Zaragoza,21
83,Ixtacamaxtitlán,21
212,Zautla,21
105,Ocotepec,21
94,Libres,21
174,Teziutlán,21
186,Tlatlauquitepec,21
204,Yaonáhuac,21
75,Hueyapan,21
173,Teteles de Ávila Castillo,21
17,Atempan,21
54,Chignautla,21
199,Xiutetelco,21
44,Cuyoaco,21
170,Tepeyahualco,21
132,San Martín Texmelucan,21
180,Tlahuapan,21
134,San Matías Tlalancaleca,21
143,San Salvador el Verde,21
74,Huejotzingo,21
26,Calpan,21
19,Atlixco,21
188,Tochimilco,21
69,Huaquechula,21
85,Izúcar de Matamoros,21
185,Tlapanalá,21
51,Chietla,21
47,Chiautla,21
81,Ixcamilpa de Guerrero,21
191,Tulcingo,21
66,Guadalupe,21
3,Acatlán,21
112,Petlalcingo,21
117,Rafael Lara Grajales,21
108,Oriental,21
67,Guadalupe Victoria,21
179,Tlachichuca,21
116,Quimixtlán,21
1,Acajete,21
104,Nopalucan,21
96,Mazapiltepec de Juárez,21
152,Soltepec,21
4,Acatzingo,21
142,San Salvador el Seco,21
164,Tepeaca,21
40,Cuautinchán,21
153,Tecali de Herrera,21
70,Huatlatlauca,21
38,Cuapiaxtla de Madero,21
115,Quecholac,21
154,Tecamachalco,21
110,Palmar de Bravo,21
45,Chalchicomula de Sesma,21
23,Atzitzintla,21
63,Esperanza,21
99,Cañada Morelos,21
189,Tochtepec,21
20,Atoyatempan,21
203,Xochitlán Todos Santos,21
205,Yehualtepec,21
177,Tlacotepec de Benito Juárez,21
156,Tehuacán,21
46,Chapulco,21
149,Santiago Miahuatlán,21
18,Atexcal,21
124,San Gabriel Chilac,21
10,Ajalpan,21
217,Zoquitlán,21
214,Zinacatepec,21
35,Coxcatlán,21
14,Querétaro,22
11,El Marqués,22
5,Colón,22
2,Pinal de Amoles,22
9,Jalpan de Serra,22
10,Landa de Matamoros,22
3,Arroyo Seco,22
13,Peñamiller,22
4,Cadereyta de Montes,22
15,San Joaquín,22
18,Tolimán,22
7,Ezequiel Montes,22
12,Pedro Escobedo,22
17,Tequisquiapan,22
16,San Juan del Río,22
1,Amealco de Bonfil,22
6,Corregidora,22
8,Huimilpan,22
4,Othón P. Blanco,23
2,Felipe Carrillo Puerto,23
7,Lázaro Cárdenas,23
3,Isla Mujeres,23
5,Benito Juárez,23
11,Puerto Morelos,23
1,Cozumel,23
8,Solidaridad,23
9,Tulum,23
6,José María Morelos,23
10,Bacalar,23
28,San Luis Potosí,24
35,Soledad de Graciano Sánchez,24
9,Cerro de San Pedro,24
1,Ahualulco,24
21,Mexquitic de Carmona,24
46,Villa de Arriaga,24
44,Vanegas,24
7,Cedral,24
15,Charcas,24
25,Salinas,24
20,Matehuala,24
48,Villa de la Paz,24
17,Guadalcázar,24
22,Moctezuma,24
45,Venado,24
56,Villa de Arista,24
51,Villa Hidalgo,24
13,Ciudad Valles,24
16,Ebano,24
40,Tamuín,24
58,El Naranjo,24
10,Ciudad del Maíz,24
2,Alaquines,24
5,Cárdenas,24
8,Cerritos,24
50,Villa de Reyes,24
55,Zaragoza,24
32,Santa María del Río,24
43,Tierra Nueva,24
24,Rioverde,24
11,Ciudad Fernández,24
27,San Ciro de Acosta,24
36,Tamasopo,24
23,Rayón,24
3,Aquismón,24
12,Tancanhuitz,24
41,Tanlajás,24
34,San Vicente Tancuayalab,24
26,San Antonio,24
42,Tanquián de Escobedo,24
14,Coxcatlán,24
54,Xilitla,24
53,Axtla de Terrazas,24
38,Tampacán,24
29,San Martín Chalchicuautla,24
37,Tamazunchale,24
57,Matlapa,24
6,Culiacán,25
18,Navolato,25
5,Cosalá,25
13,Mocorito,25
11,Guasave,25
1,Ahome,25
15,Salvador Alvarado,25
2,Angostura,25
7,Choix,25
10,El Fuerte,25
17,Sinaloa,25
12,Mazatlán,25
9,Escuinapa,25
4,Concordia,25
8,Elota,25
14,Rosario,25
16,San Ignacio,25
30,Hermosillo,26
20,Carbó,26
55,San Luis Río Colorado,26
48,Puerto Peñasco,26
70,General Plutarco Elías Calles,26
17,Caborca,26
4,Altar,26
16,Benjamín Hill,26
64,Trincheras,26
47,Pitiquito,26
43,Nogales,26
35,Imuris,26
36,Magdalena,26
39,Naco,26
2,Agua Prieta,26
27,Fronteras,26
41,Nacozari de García,26
31,Huachinera,26
40,Nácori Chico,26
8,Bacadéhuachi,26
23,Cumpas,26
32,Huásabas,26
38,Moctezuma,26
58,Santa Ana,26
19,Cananea,26
6,Arizpe,26
11,Bacoachi,26
57,San Pedro de la Cueva,26
34,Huépac,26
66,Ures,26
14,Baviácora,26
18,Cajeme,26
42,Navojoa,26
33,Huatabampo,26
12,Bácum,26
26,Etchojoa,26
71,Benito Juárez,26
25,Empalme,26
29,Guaymas,26
72,San Ignacio Río Muerto,26
37,Mazatán,26
52,Sahuaripa,26
3,Álamos,26
4,Centro,27
10,Jalpa de Méndez,27
13,Nacajuca,27
5,Comalcalco,27
8,Huimanguillo,27
2,Cárdenas,27
14,Paraíso,27
6,Cunduacán,27
12,Macuspana,27
3,Centla,27
11,Jonuta,27
16,Teapa,27
9,Jalapa,27
15,Tacotalpa,27
17,Tenosique,27
1,Balancán,27
7,Emiliano Zapata,27
41,Victoria,28
19,Llera,28
22,Matamoros,28
40,Valle Hermoso,28
35,San Fernando,28
10,Cruillas,28
36,San Nicolás,28
37,Soto la Marina,28
18,Jiménez,28
34,San Carlos,28
1,Abasolo,28
30,Padilla,28
16,Hidalgo,28
42,Villagrán,28
39,Tula,28
17,Jaumave,28
26,Miquihuana,28
6,Bustamante,28
31,Palmillas,28
29,Ocampo,28
27,Nuevo Laredo,28
25,Miguel Alemán,28
14,Guerrero,28
24,Mier,28
15,Gustavo Díaz Ordaz,28
7,Camargo,28
32,Reynosa,28
33,Río Bravo,28
23,Méndez,28
5,Burgos,28
38,Tampico,28
9,Ciudad Madero,28
3,Altamira,28
2,Aldama,28
12,González,28
43,Xicoténcatl,28
11,Gómez Farías,28
21,El Mante,28
4,Antiguo Morelos,28
28,Nuevo Morelos,28
33,Tlaxcala,29
15,Ixtacuixtla de Mariano Matamoros,29
56,Santa Ana Nopalucan,29
24,Panotla,29
29,Tepeyanco,29
6,Calpulalpan,29
14,Hueyotlipan,29
34,Tlaxco,29
21,Nanacamilpa de Mariano Arista,29
12,Españita,29
5,Apizaco,29
3,Atlangatepec,29
31,Tetla de la Solidaridad,29
40,Xaltocan,29
43,Yauhquemehcan,29
39,Xaloztoc,29
35,Tocatlán,29
38,Tzompantepec,29
52,San José Teacalco,29
13,Huamantla,29
30,Terrenate,29
46,Emiliano Zapata,29
4,Atltzayanca,29
8,Cuapiaxtla,29
7,El Carmen Tequexquitla,29
37,Ziltlaltépec de Trinidad Sánchez Santos,29
2,Apetatitlán de Antonio Carvajal,29
26,Santa Cruz Tlaxcala,29
9,Cuaxomulco,29
18,Contla de Juan Cuamatzi,29
23,Natívitas,29
49,San Damián Texóloc,29
44,Zacatelco,29
58,Santa Catarina Ayometla,29
41,Papalotla de Xicohténcatl,29
10,Chiautempan,29
48,La Magdalena Tlaltelulco,29
28,Teolocholco,29
22,Acuamanala de Miguel Hidalgo,29
27,Tenancingo,29
25,San Pablo del Monte,29
87,Xalapa,30
182,Tlalnelhuayocan,30
92,Xico,30
25,Ayahualulco,30
128,Perote,30
26,Banderilla,30
1,Acajete,30
132,Las Vigas de Ramírez,30
194,Villa Aldama,30
187,Tonayán,30
36,Coacoatzintla,30
93,Jilotepec,30
112,Naolinco,30
106,Miahuatlán,30
166,Tepetlán,30
95,Juchique de Ferrer,30
9,Alto Lucero de Gutiérrez Barrios,30
4,Actopan,30
38,Coatepec,30
164,Teocelo,30
65,Emiliano Zapata,30
17,Apazapan,30
134,Puente Nacional,30
191,Ursulo Galván,30
126,Paso de Ovejas,30
16,La Antigua,30
193,Veracruz,30
123,Pánuco,30
133,Pueblo Viejo,30
152,Tampico Alto,30
161,Tempoal,30
121,Ozuluama de Mascareñas,30
155,Tantoyuca,30
129,Platón Sánchez,30
56,Chiconamel,30
55,Chalma,30
13,Naranjos Amatlán,30
205,El Higo,30
60,Chinampa de Gorostiza,30
150,Tamalín,30
34,Cerro Azul,30
153,Tancoco,30
72,Huayacocotla,30
170,Texcatepec,30
58,Chicontepec,30
160,Álamo Temapache,30
189,Tuxpan,30
175,Tihuatlán,30
157,Castillo de Teayo,30
33,Cazones de Herrera,30
67,Filomeno Mata,30
51,Coyutla,30
40,Coatzintla,30
66,Espinal,30
131,Poza Rica de Hidalgo,30
124,Papantla,30
69,Gutiérrez Zamora,30
158,Tecolutla,30
102,Martínez de la Torre,30
211,San Rafael,30
183,Tlapacoyan,30
23,Atzalan,30
10,Altotonga,30
109,Misantla,30
57,Chiconquiaco,30
197,Yecuatla,30
192,Vega de Alatorre,30
24,Tlaltetela,30
162,Tenampa,30
188,Totutla,30
146,Sochiapa,30
179,Tlacotepec de Mejía,30
71,Huatusco,30
29,Calcahualco,30
8,Alpatláhuac,30
47,Coscomatepec,30
127,La Perla,30
62,Chocamán,30
80,Ixhuatlán del Café,30
165,Tepatlaxco,30
43,Comapa,30
200,Zentla,30
7,Camarón de Tejeda,30
148,Soledad de Doblado,30
100,Manlio Fabio Altamirano,30
90,Jamapa,30
105,Medellín de Bravo,30
28,Boca del Río,30
118,Orizaba,30
101,Mariano Escobedo,30
81,Ixhuatlancillo,30
85,Ixtaczoquitlán,30
68,Fortín,30
44,Córdoba,30
115,Nogales,30
138,Río Blanco,30
30,Camerino Z. Mendoza,30
6,Acultzingo,30
147,Soledad Atzompa,30
74,Huiloapan de Cuauhtémoc,30
195,Xoxocotla,30
168,Tequila,30
140,San Andrés Tenejapan,30
185,Tlilapan,30
113,Naranjal,30
117,Omealca,30
53,Cuitláhuac,30
52,Cuichapa,30
196,Yanga,30
14,Amatlán de los Reyes,30
21,Atoyac,30
125,Paso del Macho,30
49,Cotaxtla,30
201,Zongolica,30
159,Tehuipango,30
110,Mixtla de Altamirano,30
171,Texhuacán,30
173,Tezonapa,30
174,Tierra Blanca,30
181,Tlalixcoyan,30
11,Alvarado,30
97,Lerdo de Tejada,30
207,Tres Valles,30
208,Carlos A. Carrillo,30
45,Cosamaloapan de Carpio,30
12,Amatitlán,30
178,Tlacotalpan,30
139,Saltabarranca,30
176,Tlacojalpan,30
169,José Azueta,30
130,Playa Vicente,30
77,Isla,30
94,Juan Rodríguez Clara,30
141,San Andrés Tuxtla,30
143,Santiago Tuxtla,30
15,Angel R. Cabada,30
73,Hueyapan de Ocampo,30
32,Catemaco,30
149,Soteapan,30
104,Mecayapan,30
209,Tatahuicapan de Juárez,30
122,Pajapan,30
59,Chinameca,30
3,Acayucan,30
142,San Juan Evangelista,30
144,Sayula de Alemán,30
116,Oluta,30
145,Soconusco,30
172,Texistepec,30
89,Jáltipan,30
120,Oteapan,30
48,Cosoleacaque,30
206,Nanchital de Lázaro Cárdenas del Río,30
82,Ixhuatlán del Sureste,30
111,Moloacán,30
39,Coatzacoalcos,30
204,Agua Dulce,30
108,Minatitlán,30
70,Hidalgotitlán,30
91,Jesús Carranza,30
61,Las Choapas,30
210,Uxpanapa,30
50,Mérida,31
59,Progreso,31
38,Hunucmá,31
100,Ucú,31
41,Kanasín,31
2,Acanceh,31
101,Umán,31
82,Telchac Pueblo,31
26,Dzemul,31
68,Sinanché,31
52,Motul,31
7,Cacalchén,31
27,Dzidzantún,31
40,Izamal,31
67,Seyé,31
60,Quintana Roo,31
96,Tizimín,31
32,Espita,31
81,Tekom,31
19,Chemax,31
102,Valladolid,31
48,Maxcanú,31
33,Halachó,31
53,Muna,31
89,Ticul,31
56,Oxkutzcab,31
58,Peto,31
98,Tzucacab,31
79,Tekax,31
3,Akil,31
56,Zacatecas,32
7,Concepción del Oro,32
22,Juan Aldama,32
29,Miguel Auza,32
14,General Francisco R. Murguía,32
39,Río Grande,32
51,Villa de Cos,32
5,Calera,32
37,Pánuco,32
13,General Enrique Estrada,32
17,Guadalupe,32
57,Trancoso,32
12,Genaro Codina,32
8,Cuauhtémoc,32
36,Ojocaliente,32
16,General Pánfilo Natera,32
25,Luis Moya,32
24,Loreto,32
53,Villa González Ortega,32
35,Noria de Ángeles,32
52,Villa García,32
38,Pinos,32
54,Villa Hidalgo,32
10,Fresnillo,32
42,Sombrerete,32
40,Sain Alto,32
49,Valparaíso,32
9,Chalchihuites,32
21,Jiménez del Teul,32
20,Jerez,32
31,Monte Escobedo,32
55,Villanueva,32
46,Tepetongo,32
19,Jalpa,32
44,Tabasco,32
18,Huanusco,32
48,Tlaltenango de Sánchez Román,32
30,Momax,32
3,Atolinga,32
45,Tepechitlán,32
4,Benito Juárez,32
47,Teúl de González Ortega,32
58,Santa María de la Paz,32
34,Nochistlán de Mejía,32
1,Apozol,32
23,Juchipila,32
33,Moyahua de Estrada,32
